station,PM10,SO2,NO2,O3,CO,Temp,RH,Wind,PM25_next
AQ-1,34.86972007120616,2.6366307445577495,7.216013176568726,4.918071424324683,1.0705144942993672,24.168787236815408,72.3659635878281,4.887910301715527,18.464777905655126
AQ-3,34.261612692766,3.3271110600170175,6.602563585479735,6.139813823970965,1.513392926911643,16.97711549324948,72.81124245332911,6.348542130460015,6.816260572678162
AQ-3,24.5612650321185,4.918927416566811,3.2395092759894624,11.503165380341692,0.4011383721480606,22.46348510683675,57.854170725901625,4.8727362410090205,11.179687012145997
AQ-3,25.188149069145595,4.381140807813777,4.557480220529504,7.347706662483303,2.6079450193250233,12.833787958976542,70.70058210722976,3.79902157100834,20.568691621679775
AQ-3,27.880806458822835,1.6678981424465187,5.613436235940071,6.452558773104092,1.1044100174881974,15.735542249330251,81.08915983322595,4.014253972121202,18.89557244876937
AQ-3,35.672269201896086,3.322158230173512,2.9564289354039253,7.6519911302278505,0.4527888215229633,24.49569438590403,68.93717060653555,0.7376609664117755,17.462110090891265
AQ-1,29.620625349182546,8.30178774577834,5.569732601196674,4.5075581560391225,1.1886781428335098,27.733860643760615,64.4975121514961,2.959100266169936,6.960301741093191
AQ-2,19.324291558568813,4.479949363879656,3.201096158008681,3.6799917124891004,1.8590819242594951,15.8602275976779,86.15944535248346,6.8131895365795465,4.22640059673535
AQ-2,30.488447367664882,5.053152724257435,3.5833098590585375,7.830233988463151,0.1720725995595429,17.24861958088245,75.2787818763417,6.418219713436001,23.808702133044555
AQ-1,29.010007042491498,2.737984598899548,4.455941593249905,3.3387571619603365,1.1824320560182715,25.552748491238507,70.93593152575261,5.1947897345356635,14.344621687877808
AQ-3,39.76889254446948,8.401141714232558,6.128240516359547,3.030412947347901,0.21937111734717385,10.591954810719184,78.42455440094012,3.0986960761213,11.937698045222875
AQ-1,34.905965492934996,0.9901108678710059,7.402975517053955,6.077927449795221,2.002034559662691,20.98584402111239,48.40752806268486,7.817363641102517,10.807132451038338
AQ-1,38.299290925922655,2.524447220580536,8.741872283044945,11.271674540715738,2.886281638752982,24.26351274536616,36.878908991731564,3.0188467346525867,13.921227937380863
AQ-3,28.07590734985373,4.230331865172326,3.162783337568186,7.505217350063967,0.5291165660234497,19.305123979068412,26.694730645866247,5.034628290578997,11.534233267394544
AQ-1,30.551360974866885,2.1076232444510765,2.102655810712156,4.861863736700634,0.7086698162274191,21.49437679207268,20.417813515165058,5.467152362886395,21.128560814141316
AQ-3,15.044166914951008,1.4696252497719726,4.827259395119388,4.212386468771808,0.8660636141935224,19.269817919213327,84.93773193327027,7.3540341844850925,15.385562206550322
AQ-3,24.21791301237186,0.625355853594342,5.676138198359455,11.590364367946364,0.34481134090378573,16.95413826848723,34.74270847296594,4.347487540973132,13.836348963595766
AQ-3,28.579741258104246,2.299166827250488,2.154010100527237,6.725096526657366,1.1368823256483314,19.866105214477862,39.15720183919295,2.501107196404835,9.071179680377409
AQ-3,20.568002535282375,1.1555046001739644,3.6169335106359553,4.4396284604201055,0.8862410952318452,17.46807950678012,88.01544487836432,5.79579531511852,11.207880995136463
AQ-2,30.36687479696307,2.416577475481793,3.2534544493384687,4.86539200444511,0.5345389826789991,24.46365212562543,35.07930786253141,5.585817658777115,17.63110328329331
AQ-3,23.870405483330842,0.48103359422952063,4.69775645933045,6.3696570110348905,1.6513216699869842,16.35122004855588,33.62171539361446,7.804101032637278,10.554959249678738
AQ-3,37.18986206115188,1.629909730528622,6.892809809098786,4.320543295954565,0.57726943893478,26.709110970557397,45.367535214259696,2.1944426238771593,12.516478782735133
AQ-1,34.992152214296155,7.054113756451459,2.906264860117686,11.294076202442346,0.3260342905466139,16.803109170195075,78.53008556339097,4.617835187173494,12.527480289360549
AQ-3,39.755000644158365,3.848654308420571,4.684405020846478,3.8850691251208698,3.341385395563669,27.069290956477076,38.50757695388069,3.8632506468470096,8.508413503066233
AQ-3,30.042877064600688,3.1443194611133043,5.2915907536018265,8.001885160017572,1.0270389949654681,10.269657614873553,71.70554374757862,2.47052985628026,17.132382751106874
AQ-3,37.60897566371013,1.5824456581602115,11.79922444570778,5.057814396165431,1.088742107074301,20.121969855811418,74.91605033136258,5.786508258050211,21.73364279715566
AQ-1,35.345584454592355,2.54687463985056,3.785283352789772,4.885490442807582,0.7815198168591211,17.970186205493413,45.22802136689015,0.47319537811989765,12.59259628749684
AQ-2,24.183085893548487,4.081650839956126,9.87823326121364,3.175410517668675,1.2713959993958477,15.30233041701273,57.53399406456216,6.104162836742208,17.02488527118829
AQ-3,38.60695865637507,1.4117824874255138,4.51309258080962,10.444504670040068,0.3879084152052437,17.477060224889918,57.11906024135841,1.9120329392933684,7.948708627692154
AQ-2,20.2841336226315,6.430573195780168,3.71899831018538,7.463011994942616,1.1335001165163943,19.2186537476694,44.48409993119169,6.172918785431828,15.724551790281543
AQ-2,29.197987156998646,6.240349025599572,7.388757009767385,8.318892221813936,0.6285015932602549,26.98908530629156,74.32664404550464,6.1675510196932395,9.328569367029223
AQ-3,22.302801812550435,1.1958117770967918,7.648914840190912,5.602322447171375,0.4314525951638573,26.630448901844208,71.91446652450139,5.918716404944129,16.856016216487106
AQ-1,36.65749277042145,3.8576207202464836,3.0924640378401875,9.460805920617302,0.6896411531247875,17.298360941486976,59.58163001009434,5.1351259855874245,11.344771132929807
AQ-3,17.481266117959397,2.67567007655334,5.211126441047785,2.349341187548892,0.19072836915057087,16.82792128544439,27.909075433921718,6.473307813377832,14.06845253653684
AQ-1,45.423355914721604,3.1854847064174994,6.637924423183309,5.0777089545801575,0.34769759065683864,22.090413823098253,84.94908946373478,2.6696244876251853,21.497866644932365
AQ-1,21.849197333771002,1.005696361734836,7.146694012972332,9.647448295550456,0.9970083405839307,20.08329926078599,80.5867353923211,7.2972325928789985,16.479762403061528
AQ-2,22.510358970027173,8.027410919441607,5.132634678322044,7.053226831615835,1.3897707178164247,20.895889707768127,20.370035030411525,0.45325011384445535,22.522532638924684
AQ-3,30.974699018788606,3.1800605762895082,6.4223614191270295,3.1063064066536885,0.24471195978748486,22.32205564200387,36.87753076877089,5.46570144505197,12.665490933794938
AQ-1,34.98840066769953,0.8508535450779313,2.8039981493637365,4.823350310210018,0.40453063539703926,13.59852511818684,74.31755446954855,0.21588367834657252,9.95639682407013
AQ-2,24.916438624226355,3.1316616311293117,4.075796649082911,9.951212377308735,1.265100926362349,20.29440636041126,22.113204767451972,7.771781203217179,17.783421073518774
AQ-3,27.280724644698502,3.355935105406168,4.291109406460682,8.449769695518212,2.1204269381492566,14.104382930102739,51.67109183906671,5.936385893897031,4.288307378867698
AQ-3,17.457136641509162,2.7898901410886703,7.710655359894661,7.291403448348859,0.6134400403947011,22.706292094915824,20.37714234725908,2.7882605054070533,11.066996897984344
AQ-3,49.7542092204557,4.035882659400121,3.7379308384821934,6.698219132384266,1.6006373761591128,26.041055513921147,46.27494538937642,0.2836863542348329,10.639631384605789
AQ-2,23.799992118773133,1.4990967519428868,2.5611725553326763,7.396062676419124,0.3831733077412297,14.227153313814114,24.862829160803564,2.5507150320938097,11.873468434994624
AQ-2,21.632265688140272,2.882187785770749,4.755217405332218,5.8560425348277505,0.3932864019496984,18.631600267446835,42.0473290655344,4.83981304753995,20.62818306211621
AQ-3,22.797678665414683,3.574929559494432,6.840615652463375,5.235253737684946,3.249602499291041,22.515672137743287,62.297579506072985,6.5568558663234455,9.538383705548691
AQ-1,13.113962697771363,1.6665211426929303,5.2458059129935055,7.467240312688287,1.0800913983247005,17.924317456442033,80.71319889866713,0.3692053415259382,22.88703684690747
AQ-3,34.64021255855132,4.36845004816659,7.135599344468093,7.421216156507589,0.4647265183343177,26.98340407227365,78.18437413408631,4.109214118057713,22.908233187172243
AQ-3,19.65202240799347,1.6204409893427583,6.145848878967416,6.990638320937355,1.308472403075975,16.031496689008975,69.08238524892215,7.325541138760672,7.72277358312536
AQ-1,14.551152563475483,1.3771922385374396,3.2043133489031663,7.181945343637707,2.5806474505557127,9.753377590721993,30.9190507041764,6.939173349805297,11.537219308704389
AQ-1,30.083390394025713,2.1582753483918653,3.8201984682449854,5.8627159458763245,2.4170057767045923,18.43020611974255,61.66125002054673,1.911427163761135,14.94299054304274
AQ-3,15.918150869122833,3.0882119323022303,4.910496715468375,2.105267243748446,0.33386416762728316,15.773486461849403,49.040026641238654,4.423340654778781,14.36611874395378
AQ-2,10.652292866705254,1.5908853069687592,5.117876353751769,8.069301325461536,2.8457449709556895,19.217174309420205,22.438052762216483,1.6139135023776836,4.431945371162059
AQ-1,25.90340629284326,3.4626557826579014,7.85523188405281,6.782409438212952,0.48763497981097037,17.266279261640225,37.63665590077737,7.9822402808876545,12.769046671628917
AQ-1,26.758890223411004,4.164994564797807,3.444594491440201,6.059382308415256,0.23602085988191954,16.56556174058395,33.76628363817209,6.895759840641378,19.850902910806788
AQ-3,27.850016393305104,1.4068571776944787,5.73895849088416,5.996439418163527,1.511341682715081,25.0433899212105,37.67542036785787,4.591246152893771,19.408217659379076
AQ-3,39.26582082263066,1.836369700390653,4.653011020973064,9.957401802949521,0.8531063106460404,19.58473905958506,84.18504560359884,4.861688008092603,11.001747954028279
AQ-3,38.39985856627021,3.178475345028591,2.9231689193062946,3.694161594065549,2.386812024779753,20.877146332344147,84.56674404982786,6.8689449371373374,20.095148359248867
AQ-1,20.19813850461197,1.5337309940308155,2.342568909857245,4.317721570030239,1.6891731257612452,9.77440379383767,27.071832282240663,7.847752957505145,18.27777865750584
AQ-3,40.265217754200634,1.6351583529890794,5.006863216411529,9.726427442046976,0.9518849902748004,18.80389700746509,59.18068812837529,2.233508227215319,17.750837620568852
AQ-1,36.6926537434001,4.82148642259014,4.394621073133903,7.17346067130843,1.498105396076214,13.824282776346271,45.514393814077934,5.083462065443496,17.55189394805731
AQ-2,34.44348079670568,1.619607606643969,4.052279038041723,5.716301973990904,0.6136575676431133,14.63744885505455,29.552017220919222,2.277634425732537,8.197196159753736
AQ-3,33.81432921419226,1.9315597038332935,8.771420846965572,5.182232064458921,0.697760971967338,9.392738660111654,61.63400958244691,2.382478326961066,22.508711663899415
AQ-2,26.11148059258119,3.8506744846669463,6.371526001310251,6.272199351102427,1.7232536194593155,14.24076522165885,87.73745619826565,5.64758991816328,9.190336363541041
AQ-2,31.270897398510495,4.115080308056379,4.4685329438642425,9.069867546780824,0.7608408020417883,19.022737284614834,42.65272175191983,0.7643008446715793,8.564728636134749
AQ-1,31.618386823974724,4.054828220266028,2.999686238832734,6.1190953031755235,1.0317720171358333,17.51953140557095,35.73426172366256,0.6279308343348671,16.094295922040796
AQ-1,29.660215939132232,2.674901809959337,8.18002615408154,3.7790465801247715,2.327472033562703,12.758271324540218,67.50308559378973,2.002065892884735,11.60088741561814
AQ-2,14.932011700055632,5.900668493967297,3.904121807055442,6.300995485422857,3.682745855347934,26.621872232317088,66.47610660415822,0.18866015846706308,14.468351164229928
AQ-3,30.84886783019556,2.4307636456017208,7.181669098715394,6.025605539953759,1.3819258064776876,21.658040753100362,68.6817182465092,5.434588367572259,17.966444234452183
AQ-2,26.72008149523467,1.5921275714132817,5.35401740673851,7.087016755989914,1.3776913184752542,20.099826056204137,85.77897325888561,4.126834162363241,6.230752224678671
AQ-1,24.91846451548066,1.4400760830321222,3.337495337738662,10.638468520331115,0.403806857570811,16.347546587423782,61.530642384879386,1.161817472677062,5.662154134737835
AQ-1,26.47769789047213,5.016485523931806,3.97645600997932,4.978506661269703,0.2272416426837581,27.683677599823508,20.900862284185056,6.933777817247185,8.321664171164585
AQ-2,32.08545936377485,2.1199928203083553,5.570358361629265,9.339397834126931,3.6764527504206534,11.076011570872383,83.97336011437383,7.748411570811633,15.060704346128645
AQ-1,35.84703194939184,1.3507017093136815,1.0627052930952992,4.230518597201953,1.2310995858698635,24.421337840165105,48.52447503852245,2.078817276203293,14.585706905396943
AQ-1,29.521576281199003,1.4650571613562424,1.8922596816292245,7.206419478111072,0.6676767038026356,17.213880672531246,71.53386903378345,1.763210418235083,14.587819361865424
AQ-3,21.739246109886242,4.721985828850976,4.429257855440156,9.385504818705568,0.5815766818226709,12.624866793768689,50.17902324543691,5.030120934357816,9.565498472417158
AQ-3,50.49000418325825,3.4312768699922316,8.37785143574932,4.817314065241257,0.7615769218817415,19.26476312153518,82.94971950586984,3.229227067623353,27.02583857256004
AQ-2,27.43475794675915,5.954084112711264,6.935181482094348,3.60019022751901,0.6371511496394332,16.66323979402039,70.58039322230098,3.3539042544185493,14.854343028524884
AQ-3,23.270923776833044,2.770016235631478,3.15473342767009,3.9315699168263594,0.575166668175569,20.393164538649636,69.73706119876837,7.252644582316878,13.632804881073403
AQ-2,24.610713279623393,2.4994002899227152,11.2640550106574,4.151237035485219,0.7054954307116538,20.97785581209641,69.45382682716794,1.9790535457936622,19.48342740707062
AQ-3,34.14800673899864,4.3334012833531945,8.534673423743614,8.980328859326182,0.705845690695407,22.884549415321178,49.197567273753194,4.974018697296565,17.53299730693452
AQ-3,34.75321833955348,0.8114503370783253,5.64332575188195,7.945091844873573,2.6474001628646824,23.64132587863725,60.03723322635766,0.9829278242122497,12.272590530925525
AQ-3,31.07317644255431,2.527399218698594,7.963747092475356,5.736770541299466,0.509808228674077,17.79271113923456,56.147151359650294,2.159176263919357,14.150241125125467
AQ-3,36.21744638265508,2.764027633608937,7.759122405618361,4.733892736079819,0.9060410154376625,21.352511224852975,59.62952939649755,4.062097214819916,19.04987915948706
AQ-2,26.08202026514327,0.9148072289416149,6.2612137013683915,7.684277472751788,1.2560036250526305,19.169719178866487,61.55405196958209,6.815581401480336,15.161119901303156
AQ-1,35.30938025257695,4.414003769971781,5.476433401763413,5.657297213547963,1.8338146033672487,17.314078239013128,58.47973959410641,1.3426881594607911,16.460701292168615
AQ-3,23.09915562758547,4.589231047374344,3.857794991876957,7.328084722144277,0.6605469840866962,23.24701316741589,47.25500757744492,6.3693486432649005,10.192640249878673
AQ-1,52.65337295883769,2.2658171003175394,1.0514994226394037,5.821811576579059,0.94463541557399,10.383808896583819,29.3909151847402,1.5236719774170204,5.770507220425561
AQ-1,26.799925094037157,5.214874732144628,5.934148094137363,4.083153383430404,0.8684940152784117,19.65462395515711,23.511721789662094,5.213547309259973,15.478529268662758
AQ-3,31.877786724064354,1.426699176847102,3.695297623109379,9.382403873018026,0.5424578337919729,20.3822663347031,31.903756031250573,7.823231831802241,12.132817186500596
AQ-3,28.699674260954506,4.6917932938502185,2.7634998893139646,3.3588718716696087,0.09448601402677047,18.15023640360797,41.10092799726305,1.69015266296487,17.631195478357633
AQ-1,29.274195711037674,1.9231699414860994,4.361594499072022,7.558770371181717,0.23765842843024068,10.149053924673275,22.900905475815108,0.24490142356433786,23.94223500354736
AQ-2,30.464635846205656,2.50581344471209,8.52352075332227,11.692606924648786,2.635304183658196,27.75425686946476,71.41926479373313,1.0683633621334598,16.772490758139185
AQ-3,33.557466967401886,1.3978438105837416,5.831156412405375,4.2787788913580185,0.5886764420462733,22.89475312029449,67.17590937931757,7.8769662291402955,13.999559947375495
AQ-1,35.85011345347239,0.9151437611025451,2.6465765720267274,4.176474914061513,1.5819056030300962,19.43008378011138,63.23625362318829,3.139999389282522,5.960394470375647
AQ-3,19.47389298958971,1.934022982336388,7.155260929956791,8.19871929092862,1.3662754316144263,17.366849581983256,78.33471036738563,5.469598651639668,12.141017157136758
AQ-2,22.926917991295745,5.9192129876266275,7.119524754852093,3.008007966435931,0.42420731085308944,20.072275656665006,68.0943593881367,7.200102748219889,14.985542708113986
AQ-1,29.158766297919648,3.8635404881866995,8.536620836686506,5.700935116221441,1.9664840279494253,21.745904795090876,25.12194908785917,5.974394761076807,16.451719576711746
AQ-3,44.9898206133898,4.40520157697953,2.5360827677237716,4.20562024120533,3.1962784890705764,22.70084696398165,39.966184560297435,4.880997643777923,16.609010852371505
AQ-2,36.06818257642574,4.00751917693667,5.198808093515119,10.081094227231226,2.504707863357546,20.289320592591615,52.14297604826452,1.5124432886443557,16.69829305891472
AQ-2,15.691913733751743,2.303784798964643,3.4811092587536105,6.170404065073331,2.100910415745221,27.370084677202446,77.89345339860836,5.34694698173555,6.82076532818609
AQ-2,36.18062600878516,2.1370827363563754,9.296966567676566,5.365131203837023,2.0320054776881378,18.815943092306107,29.916175517652636,2.2560512290046733,23.071777873189085
AQ-2,33.400125484597275,1.7342541116300287,5.006990542940967,8.643957004700779,1.521584046463909,25.82487670464289,60.46983998321264,4.4343624305141764,8.717001034105266
AQ-2,34.64232854569605,1.0388379997790789,5.340342531939578,3.545366325573428,1.5906797072939294,22.86068508500395,49.7114335433012,6.961990812358342,14.892273408974322
AQ-2,28.762896074221032,5.0169823670996525,6.765784497449601,5.161194542964167,1.9020739254330343,16.235844091914927,46.42576169788404,2.8881665684963354,9.280753143865478
AQ-2,24.76591487207284,2.596709638030286,6.570191158941672,5.32834131186612,0.39325897751938166,25.71899199868745,79.62320331239789,6.619951196122802,10.867916334189129
AQ-3,21.27811804708234,1.4168953940895275,4.564582818251558,6.437564960283594,1.1227818198594497,16.00259598586722,61.603763375482906,2.3013076118883165,7.87692571098524
AQ-3,26.354187509906954,5.354947603474091,7.495282435922626,7.345850857923337,0.8611646539327245,25.052299837935546,28.255765500447588,7.13191971972264,9.587281511836322
AQ-1,30.334418360478555,2.701414443555074,5.474819876415463,7.673014491381107,0.4536146099303405,18.812055099573524,24.81420990647519,4.154666859070891,13.675962504130528
AQ-3,18.800664321232023,1.9298102711300107,2.4881770605312767,3.9371446984777685,1.2711080171385503,18.655736191133638,77.5175500730671,6.760876868937039,8.134529294501453
AQ-2,17.63679425517294,3.5918835320358156,3.2288726653577444,4.673866191916228,1.3197563107972234,13.030440684302752,60.8318410329807,6.590239967898313,17.950256251789074
AQ-2,40.03285287787223,4.921975778445569,3.0298860759284985,11.538295378770218,0.8194182617382815,15.211487358820381,82.29916937153399,6.004232456593059,13.522908479183277
AQ-1,44.428266467107996,2.4099184091622936,5.362577956261253,11.930324959548143,1.0231449147697966,23.099074637072373,52.34212238081754,0.8209507934642568,18.31048525850165
AQ-2,41.54246223146324,2.0330978091880043,4.952912385286531,6.889919460336204,0.582147743263776,21.566037637947776,24.445639265203404,1.6991961030897063,13.532086411738618
AQ-2,21.109749318869323,2.796119701385077,7.1219799194904185,5.216898622361926,0.2048419047916384,17.630197726457233,47.197822851320794,2.1787059608798325,14.871868105643514
AQ-3,23.822343656578077,1.7010784578602447,6.706194139224839,5.478270777116229,1.4093276816878153,26.098359890894542,24.477938908298345,6.179757935515143,16.274097968483865
AQ-3,37.736725511224506,4.221074211717491,3.7560254357253657,2.3432334627482674,0.11930493260616007,17.71514268887184,46.162955373432595,1.8388192678863957,18.15158282769493
AQ-1,35.99480092679304,3.567207762540197,3.2911149933835535,7.76008163146545,0.9867868882734508,22.51102595795549,42.04955006590695,7.3023309721948735,12.41368982097104
AQ-3,20.099288215249175,7.678540868579195,5.091567034271101,6.30414792211288,0.8379731133684736,20.234705960266712,28.710887584652387,1.1185200295241522,17.512462020597646
AQ-1,26.38302264075731,1.6504872319968513,4.218005447194961,6.712200817596685,1.0014984665015925,15.144043749178845,65.46879557568707,1.7411805184364866,11.881549887599526
AQ-3,19.6582377774589,4.46578524444309,9.373905531995435,4.756031969988499,0.8979456883538828,15.260044070661252,24.324247036742676,7.6708459771607505,12.925931140863971
AQ-1,40.67232896562972,1.403528395313848,7.267236716953777,5.129447166971467,1.7086451534284912,22.749993942210587,81.87128426684694,1.252831214564389,15.930248436073558
AQ-2,31.02069188610921,2.198173027342664,9.115112986323721,6.023233662102689,0.4072395191997954,20.455737393565816,52.14803676908653,5.79337914134797,16.33526968822845
AQ-2,30.398207646593992,6.387537676317628,5.047080384069209,8.923157538385608,0.18455791402708688,14.662658393700571,50.592977499630166,0.6464694859804325,10.340958078944062
AQ-2,23.00929649334099,1.0602582392516045,6.831630388226026,4.291576767411624,1.039223323175213,13.655009435449186,80.35864514245344,3.08120962304519,15.739605163869397
AQ-1,28.96299656565388,1.533549193886802,6.161202410220246,5.815245148555736,2.0218356494168543,17.012375245417743,29.11578998376644,5.22980399789247,12.112809499330496
AQ-2,33.531376094034194,0.7452175170431776,8.04797969712284,12.701123709574963,0.872289823471059,16.46295352791818,40.89017256753006,5.400248255387307,12.944024888494617
AQ-2,32.757890268208946,3.707135950478822,3.029528946073182,5.558620595299109,0.8496865660951491,13.209914044764917,32.31798007517734,3.47378814229332,13.315538162568693
AQ-1,33.94747069230702,1.8927656975314209,9.244738966641474,5.862394057371924,0.35816797298518827,12.882868793882873,59.41420284494335,6.069751788300343,21.682506062502597
AQ-3,19.35327157795954,4.419069231022266,2.1178332517444733,4.759702311454027,0.685993308394715,18.35267535103462,47.928385133769936,4.886474426019405,3.1366514846757187
AQ-2,22.770720543415308,4.715727434691532,2.083785207009741,5.234079793139395,0.44011990662932315,28.598889356659583,58.32834300493806,7.926121269374606,11.560284681613442
AQ-2,25.897244160024584,2.5011465055768496,4.029552511922097,5.9434262772023185,1.5862596977401986,27.092256025877703,27.724709869055523,5.7847291571978,6.578457202844897
AQ-2,42.76964194996251,7.255235868405259,4.9254184340641425,8.172397694684918,0.9014323064769457,17.112535766555798,69.90970468494695,5.790825569887014,9.510886595833378
AQ-2,24.195504401253093,1.4325466693416264,2.350101413137328,3.759226669049715,0.44692519796910296,26.256088190281336,72.05801225425142,7.3175464059479935,10.006764120579613
AQ-3,23.878275282459093,4.482236318739275,7.923173409187482,4.322904495548661,1.5826973343729822,24.362807769336285,47.09111249787403,6.74794818679582,3.088973427283026
AQ-2,26.986395383201703,2.196268499678959,5.244751323421193,8.983800485042515,0.40189999748390154,19.3179052529304,42.64971285102686,5.748199747076121,22.019859524434963
AQ-1,33.776447402869216,1.8845309760109425,4.546140591395314,8.617196233676841,1.9587161489800935,24.923122714633596,52.212212346048325,3.5828581327711397,21.026236901243784
AQ-2,32.330922847463476,0.8241415371113768,4.5735469431665985,7.1630088746632765,1.704016131074541,20.735182842911556,81.86895400780284,7.931399478933414,13.263645188664754
AQ-3,32.88089904118266,2.500753959656144,6.799495976772585,6.755251046847916,0.9079462741351235,18.243539137075167,37.67903120617823,3.901678707516121,10.654209925180748
AQ-1,31.905014887395406,4.528450981383603,8.22356913354834,3.600588711235198,0.8745634098780874,19.470033901264806,47.62841699864627,4.708137880160757,19.481664560009577
AQ-1,31.361360007312953,1.3491648878545714,11.232636035795426,7.198454932268561,0.6031087931634413,19.364424788257494,52.77692787716329,5.750734680019438,18.667615935692005
AQ-3,29.375033229355605,4.015231001272338,3.6542223175019073,9.621556555350523,0.30209510028732217,17.6076854250526,44.398723780174244,5.257133647070287,11.807779772448871
AQ-3,44.77477675403882,2.587848604599993,3.920903934968345,8.043280164726253,0.8739068547283887,20.387272574037105,54.40187811428876,5.9220741423299135,22.191670173704537
AQ-1,25.381422498843463,2.5805504464484628,5.57686024014653,4.226947666249796,0.7909224412008069,15.799441073096059,36.81400233135669,7.233335107150551,11.391183908928049
AQ-3,41.260927914519684,1.8167108383309412,4.622149409915613,9.35808885259603,1.1877024492751624,20.03430036790282,31.740506177144887,5.747757691666106,14.779611545907166
AQ-1,34.227983431290596,3.039655584909788,3.6101134216782294,5.324471788612431,1.2764971520158852,19.026879078020627,59.69538731729658,0.19801246708562203,13.098571873243996
AQ-3,30.39579038190826,4.144891549748967,2.301839173637358,6.683013440086686,0.09627025741848942,18.45129044183999,89.63821300649305,6.165600350550835,12.184878163908856
AQ-2,28.980637009965804,8.037953333789424,4.004989869594846,6.121540511923432,0.8823463968768042,19.17822169358992,62.72296215801665,2.962127941516613,14.37017690131578
AQ-2,32.265288358466606,2.4012398356415368,7.148133535995404,5.430767187190922,0.1811431137697153,20.474163494043918,74.33798393219249,2.536786946424539,9.063620173107019
AQ-1,30.736584622693705,1.0616883735739513,3.0938456728722192,9.342246820129734,1.189486879420588,18.73352409152135,40.514828431190764,7.215324066504778,16.591600518966086
AQ-1,22.17876250169636,3.9338335376899107,3.154011224361444,4.647596389382075,0.16845725346574825,29.20893324071941,52.834947579398,6.236352795907735,6.031889058344386
AQ-1,44.140093241529854,4.280048130665815,3.786645221272248,6.099843434474203,0.8223132531488196,21.293415089363194,22.340081347312694,4.025666800281125,15.6889851748282
AQ-2,30.740321691650824,4.052754721790641,3.043541241353247,6.4213275216317385,0.5599300517268606,20.41854045754736,29.39515300786089,4.7096578884709155,9.756249304642946
AQ-1,38.10822834179003,0.9002590108781954,5.801731409714506,11.902758220345797,0.945724475812843,29.877638407932096,86.6001088667223,1.6695754668983769,18.97119136766761
AQ-2,31.500189014633495,1.0514536211432346,5.757238111417484,7.036023487716611,0.1851147218952316,17.863937272291,50.074144806173656,3.8959642209395104,10.558069685407286
AQ-1,21.037846255822306,0.5002573067252817,2.2060808227053577,5.534692020793205,3.156721536315385,16.668833428605332,32.41116530790926,0.30009722983270226,10.322061520845844
AQ-1,21.958845692270774,2.915035353867939,2.0699888779033677,4.545896161929395,0.6754625345254611,22.510004258972486,28.715261987929736,7.600120583473114,19.462461221878996
AQ-1,30.767211239430793,2.720276049888052,7.860945209042752,4.213139522346609,1.398997731980853,23.016493562220877,81.19709187741805,3.801734258571366,28.460032195605862
AQ-3,39.84212240639048,3.675185374723031,5.021438310404039,8.379836703093202,0.9746471253360866,27.22440715181905,42.40169943688561,1.621951563258036,13.238686951559606
AQ-3,23.606608091437014,1.3274549286574144,4.13147647333946,6.9589934348387334,3.122501256790253,23.995740310444468,56.415119929367286,4.660605490273319,8.63995137878086
AQ-1,23.73144174147055,2.966657581301625,5.309405148617933,4.3856716922883665,1.8368462263319978,15.066676208049781,28.840932714644516,3.345776540183582,14.419519840463295
AQ-1,26.424588990820123,7.391838327149275,1.6641616167227191,8.032631855277799,2.2779241044540326,20.36069093923283,26.435180012464343,1.6208236249937356,12.805904821000592
AQ-2,23.689968804766988,4.467174873899012,4.510615672184333,5.794205811805705,1.4488514924165132,19.555380576867044,66.72258437405851,0.8748746040307838,14.314763466219155
AQ-3,30.388031544691714,2.221883958610017,8.68749694191733,8.130333446180794,0.18882293275467285,14.83534783201671,66.55107611534702,5.527905033255999,16.895509078925173
AQ-3,29.747412089091743,3.307934487205605,5.11410728679194,6.923587641897888,1.7700788439992503,16.37572091819943,78.27169306028715,7.6029874447394885,7.451492501233805
AQ-1,23.141243796739374,2.959146092971922,5.2468464342516405,5.548370475191771,0.6993830555802865,23.45820993253789,25.797109688785575,6.2917526623594195,11.223226903131767
AQ-1,30.71954095686814,5.422343413799407,6.573125401483507,3.5407617239156153,0.7402466547254214,22.597553949465656,23.330109120876404,6.62284462640234,15.98837759308892
AQ-1,25.441779064559352,4.723580158195697,2.9821385762695276,8.464132961912012,0.8760453251171023,20.31578090628042,82.50629736715891,6.574525719991919,16.03193989096573
AQ-1,30.84937542066577,3.296433050511478,3.707004952289964,8.0782600271566,1.5911573507820147,20.337102269095684,31.16438896312456,0.5177987589447843,16.72327353394448
AQ-2,15.189032200107869,3.304460792995136,4.485857468183609,3.4398511642652525,0.577171477353974,14.765632580267704,40.497148943534,5.761207689137686,10.389720609551137
AQ-3,30.92705289794835,4.417572984512476,5.5864244991412795,4.014044961671015,0.7004005400154816,22.696133050760775,23.163585569134906,1.1433380636255377,8.011525207025457
AQ-3,26.53099864536346,4.513076019608832,1.0993592547379527,5.155908025281688,0.7549245109287749,20.00123771174566,29.32522002368939,1.6718247247361964,5.146212845136829
AQ-3,14.150481895715139,6.499005571988741,5.028371683377586,7.9043499685339444,0.764374120835465,21.143764000502436,49.28198409831606,5.951957582533153,13.168341405163623
AQ-1,35.36453148531054,2.9385387515209844,6.696564189469665,4.3618711940965325,2.576578684211159,27.36724445529428,58.82523870389777,1.4264657216430274,15.051516212468345
AQ-1,38.5839265505942,4.688170331140698,6.765903716103317,7.990809513335897,1.8743129000884329,24.471182227533205,39.29287697676874,7.412049668484865,10.880866931611713
AQ-1,45.310114501334894,0.9018386610771145,4.193636854424976,6.272595242848493,1.1142444578324688,8.401656444603896,82.56003165208057,5.985135627915838,10.580014034023716
AQ-3,53.50022238796456,9.888188046743284,2.7262046455761815,3.8067709144605573,0.34847362838874546,6.298237988697888,62.121409116357505,3.192386509072562,16.38626286129087
AQ-2,30.613889704217886,4.199802612977157,2.7833025046834976,5.030509002339648,0.11729690581075775,27.893749907873776,24.152298801334986,0.8486353895950733,15.220944275185301
AQ-3,55.89592425771116,0.4266549396341684,4.006551395679268,5.690432635204317,0.4037626339375441,20.848319353616525,32.825771967897104,3.1693088293301086,16.467576155044082
AQ-2,32.93866496305302,2.805719810569812,5.168729559024787,6.8978027688927925,1.6206873531005257,16.36490817032863,57.83425558412866,3.851657969151839,8.794460441656831
AQ-1,30.582384771526534,4.449823484054814,4.669496996239701,5.713071326551311,0.9749073187667738,17.536513232579,61.215276179045624,6.914853739655373,15.185301001894501
AQ-2,33.48654901490915,2.5165999880511927,6.862735086659433,5.889458115185313,2.9907284592297496,18.15766879065726,37.03412193109445,5.582286697566127,18.503818618872174
AQ-2,34.08844271464104,3.6491672892554883,3.7272410695157325,5.749880576042232,0.45151296708335587,24.50843677147459,51.50600190927457,0.7612765908261876,11.606270005000065
AQ-3,26.057968557015542,0.5837464757477222,3.016463466906995,6.893339102208852,3.553327704518536,13.553006593598031,68.10422254425625,0.9032623594499061,11.860521847387709
AQ-1,12.895489748973223,1.4408351261786354,4.851312615365715,12.22637673291536,0.6914116178015989,24.27993306645405,52.17702786063137,5.335772331658051,8.808342988499804
AQ-2,29.462015122098226,3.7524213119222996,5.5738449443509825,7.63703630518835,1.246889825441971,26.204292262627778,71.55518261626533,5.124988025416011,15.75025896621294
AQ-1,30.126254007183967,2.5407674489595853,4.586979048098777,4.7378497282086505,1.6786692537286716,15.580782634046223,43.69328633767056,0.5464390370715293,6.730187480493957
AQ-2,18.80204760311622,1.3848808923132947,2.081720019803196,5.491778288841341,0.020806407734175785,25.986284652699865,52.59063679370524,7.659242046447831,3.9670208668471467
AQ-2,21.19037135655167,1.5258295289266695,5.432433619639504,3.071706936467261,1.5239555688990107,27.701923578641438,20.920778526374615,3.86755245856747,5.335469345098533
AQ-3,18.915252746422635,3.110799800483696,5.501520422448497,5.980909540110325,3.178955181719355,19.699504588405286,38.031167233029265,5.741234120393913,9.669816992077225
AQ-3,19.720498334962105,2.137016511247105,6.378419530872484,8.420742340011117,2.3068399282092296,18.82087096743315,68.64519523843656,7.495553201031555,15.117066914281384
AQ-3,27.955157664397483,1.343380013682823,12.310737510441468,4.822275230328303,0.7423779941726598,25.618237435693175,37.89506324012864,4.108661296456209,13.960377851328731
AQ-1,38.336929604465105,5.499489534224816,3.323669149369634,5.281681055675124,0.42354189485656635,18.08122404370563,51.4229132094652,5.960833939206916,15.235057771605288
AQ-1,34.739333696853684,7.330501989596482,5.354871787763327,3.9701402159563877,1.1329470845099794,29.89692778836017,47.578478469350266,2.633604307738838,14.667226367844943
AQ-2,30.692470345588408,2.121286470017864,3.958292126671323,6.864044246743287,1.923604229155264,14.586502234740173,75.08288651163369,7.36355531436401,9.099359470836966
AQ-1,41.54959688382126,1.877078110448161,7.816872744377351,7.687571274425351,0.8998149400281749,23.579168753607462,61.88518679011773,7.229665676603028,14.389660479786752
AQ-2,29.826082274140084,1.3967860031111379,3.285174806234091,4.045971969809505,2.6916779302452705,20.737192633438276,57.28023352152824,4.443138623817718,22.802631375172442
AQ-1,16.24956349951208,2.3290812540385737,1.4259932230957406,5.3396749383086535,2.4836402574766065,19.86085488641487,59.840721034849714,6.269686207846749,7.009868809820079
AQ-3,22.94355044089934,4.021319658253935,8.030761825161035,10.707287827099567,0.9134140053986275,14.307418248225549,81.04078957447152,1.251265892184323,16.794901300580594
AQ-2,25.219680678626297,2.4993102470532906,2.77237904369566,5.776911935470557,1.3104232447934607,12.590690663965384,71.99103349466596,5.077350119519949,6.4182670053790565
AQ-3,39.8219540869063,2.932042784217578,5.347624100186477,3.3472959403980584,1.2229272466236039,34.65240063569883,53.91889272417076,7.90819253784056,23.598843512131232
AQ-3,29.81152134663622,1.1362920906018146,8.079518329023246,9.260086933686313,1.3822101672059104,25.781901591607163,35.517913306199524,1.5297699672960796,15.370212999778339
AQ-2,48.271847405569275,2.2664063219273354,6.775114645282784,5.829480443171884,0.5155391858007325,30.522143051706042,21.810973591864137,2.5342723737456554,13.984627519588432
AQ-1,25.162444543850437,2.6985858637884492,4.066047842321973,4.676054427119281,0.6115945675073466,18.81090925967492,32.71622161932574,7.745404348618507,11.768468237453408
AQ-2,21.02696618520423,3.3620722825806593,3.1408531769752406,5.204458352001528,1.1744586402288748,29.813635432349535,24.210262135891384,3.893969211959374,18.943906083746796
AQ-3,42.786471274144176,1.5211355877474726,5.936582154836273,7.936045896093224,0.9407058580308705,15.02256053881378,30.949961488050498,3.285338709304342,20.805539396867882
AQ-1,26.997995896704857,1.7234327774516927,2.1738659017243513,4.534083548575758,1.3000174527293882,25.384049928785107,61.14671378433985,3.392125038146987,20.80578009264056
AQ-3,17.66781450959393,1.2742183910046345,9.553286783998544,5.847497686143758,1.1062790867005978,33.10552028250004,32.79327007099496,0.16776159524147527,12.08575665191454
AQ-3,19.885683230897286,0.8239335510476377,3.2771468642358426,9.239204054846871,0.5337389900453484,12.816333795018647,64.59150170954095,7.805637968344437,9.79117296757363
AQ-2,40.82093958552125,2.9249721710006966,2.3627973394209527,7.120137288747201,0.2940665503074738,26.71595687880975,44.842487424438076,5.895505313514524,12.047683668157607
AQ-3,54.03918277671231,2.1033503429041387,7.8740410756745325,5.979008258449826,0.49719306518318185,28.00788131256774,61.322589334700695,2.3732307389221514,20.159810193003118
AQ-2,23.157049753735823,0.7044626359047836,3.119430161470522,4.182123590196925,0.8593152493272895,8.882625425915197,49.484832435984345,6.3108985726095606,9.411161566693139
AQ-1,26.31643398543402,3.069264536324678,4.8548443333834035,4.454123857278458,0.4093531539766648,24.647932248243606,41.645403631445255,3.0479854807238453,10.245413016070692
AQ-3,31.323968516359944,4.4847892814661545,4.467667368379935,7.727526852481931,0.5482615420465098,20.042841921515986,53.240581483883474,2.349435796874303,11.206493738234153
AQ-2,37.37056209122936,1.1446807636033267,8.632104105026364,5.596028866592054,1.6099099614765422,23.225103659224906,25.653666924241655,2.353499809911451,6.333225824843618
AQ-2,27.586064801189714,3.6930052043749937,2.5912630792551066,7.088524136180405,0.8856768050416738,24.858347499589573,20.633994510973103,6.069810426554095,14.875966185405034
AQ-1,25.830029267671616,2.4979897748410744,2.7874023703752187,2.3579283400039057,1.3908530750463375,20.529066372079182,46.07504210951168,6.515869708672504,13.284793282666847
AQ-2,25.96205657567081,1.0629538299813497,5.130283560845703,8.895447236234075,0.9026399981479544,25.633976984369127,65.10584571562669,2.786094375029088,9.450417465987297
AQ-2,19.60302629647675,1.1813979942319717,6.623064857835144,8.84813069401626,0.296136093655429,13.74225826787682,83.05149616760298,0.6416941596214363,18.657356423998674
AQ-3,28.957277759829083,6.11804244516342,1.3032026877749034,9.932197219955732,1.6912677241547924,14.30786685954016,21.53953038343602,4.740040276985913,9.946032596974014
AQ-2,25.878072381891677,2.5537073779258384,4.05135757338727,3.1939103962959354,0.32036822887037125,15.974320355262897,23.829255467092892,4.156748038436332,4.700481522284179
AQ-2,19.387385820671355,5.35483455779901,1.4473368158588062,3.664397740022853,0.125999030224626,18.70042803013296,72.83050915567898,2.4589410104573375,14.921215363830331
AQ-3,24.83521409916369,5.565346787089963,10.133518561473084,3.3862325662743773,0.694243566413496,22.87507419366159,45.908365594017006,6.919456025803346,20.260713816557665
AQ-1,32.93561178834975,1.2997438665209644,7.993311711413951,4.1672238066434835,0.8740003676421443,24.642655442975062,69.50758025398501,2.5759261090904673,17.03866675328946
AQ-3,36.0774559810889,5.112898155289486,9.451428176280197,9.997371400892527,2.4623367654956403,20.180060645893025,87.67028590968964,7.7688925964469435,15.076783034222428
AQ-2,24.30186882970006,1.7041637915773296,1.8100481447971952,4.897526272185926,0.7617328542081758,26.62906513274032,54.28250623591091,5.875731621885606,17.504723985781627
AQ-2,41.37747888724754,2.8495471266694032,8.167326573309614,10.44691014098518,1.3408039914699441,14.046317164511299,85.0106294851001,5.540646736893209,17.69972043887125
AQ-3,20.20915480721715,4.032710020846313,4.955975470952653,7.77604241678614,0.021097785528032424,17.421519516734627,51.62353746979516,0.5690560924687702,17.206454370428407
AQ-3,34.66331586140718,2.243761037420553,4.483971776894362,8.054848491389587,0.23867326068387856,25.72102493490209,40.382890226498866,4.246099664817148,9.811608110742304
AQ-1,41.56233915771624,0.8702558192115246,3.623538339553149,7.864000651820767,0.11344767387420732,18.324645924623557,35.154513388993465,7.9879184411913595,9.08461491083371
AQ-1,30.44181749783449,2.2056227895509046,5.619852548736596,4.333855015241648,0.21621225278790443,14.819379218269281,37.59947731785409,5.297235538606661,7.747472899415235
AQ-2,49.418495107175445,3.106355617764477,2.452925686544868,10.053341499227628,0.8225020041347962,28.321468318302887,69.66704933833482,2.8559079795857043,18.113630975015614
AQ-1,21.76918285963132,1.8426498634092359,2.582334014402527,3.1683388025831696,0.8796886870009972,17.474541397608526,30.050281850321092,5.8655346785730345,21.137420431124845
AQ-1,34.59855122555497,4.105016103643051,10.605431453491766,6.529361522717185,0.6479107582788974,25.82346844144738,51.15430338275158,4.695919755574948,18.91688272074768
AQ-1,27.048538749080347,1.7004265428249767,3.4594132774964637,3.086712484196011,2.8841912179757685,28.475266970899497,33.99603440253661,7.28513910837473,11.394742135034972
AQ-3,20.535145230193027,1.4285917855442958,8.603540788240863,5.819546629612829,0.1849084988916819,9.961488856909128,78.06586023067872,4.528684021296304,21.442812699061726
AQ-1,24.679531315698192,3.8168005088394086,3.1580556545602976,4.2788886262905805,1.2330424980395245,24.08249766056353,42.80914131014363,0.8445932850575861,14.243627834965181
AQ-3,23.019466696716638,3.1711178309577273,1.9062581933297547,2.835288982384617,0.22073410237192181,27.555291125525358,63.69483804331314,4.8935427166494625,0.3272392428007418
AQ-1,32.43590305232554,3.4793094864301484,5.834974920684617,4.424189169033747,0.5422275414041198,16.391525428571438,80.47845987057602,3.0524641561293,17.01771354593268
AQ-3,47.01344513400931,4.895052002818218,5.1701389894942364,6.593524543830785,1.2784220444912817,25.25921794797467,71.29891387718682,7.850032044155606,20.180184547370345
AQ-2,31.41038662276743,1.3265111642155902,6.33069860680819,9.252963444206257,2.381585439054631,24.8966577470551,25.45393727980695,0.5685350064935655,14.760502371735528
AQ-3,26.389983882471842,6.3149387117641504,5.682142756749089,5.275744130236387,1.5977579117401224,17.714440624767658,64.46870636970829,3.6780545485109934,9.845488193814099
AQ-3,29.961463674463033,3.2565446624149095,4.551285048719625,7.720005578256718,0.6281112915621777,13.923597816968053,87.37513770216157,6.3009689054441385,14.466441699526955
AQ-1,24.177794126252202,2.091375928423118,3.056738259092193,5.70990656356813,0.6720078300740208,15.274948521289776,62.37015576776125,7.2372522019321375,8.794366099033702
AQ-2,35.46798223876564,2.4717494589489535,4.74537228212363,6.425463033497756,1.0089575781554583,22.30228560144366,60.036222673254585,3.8120274814675605,16.314176854789793
AQ-1,36.83302574048793,2.972054549840516,2.5244415954298547,5.935176026152673,0.6914696246952594,20.6815099367043,82.75084446522715,7.768505556736886,19.108871923374487
AQ-2,22.581956354065607,4.2186529909069534,5.025002924826889,4.325394664897533,1.1048332114854729,15.98496125228688,66.98664262610347,6.749671161648898,8.05241917469977
AQ-3,40.40970619351501,1.895521783358043,3.9155199632403264,6.356868421495659,0.12961532220946165,21.523498841341187,54.081147172008855,1.5300631163451905,16.30715641216186
AQ-2,24.92477271295835,3.0989206250424357,6.851345765643863,8.540987816845906,0.01172344143566043,25.616266443233638,88.85662313982087,6.794008808254614,10.327750543994593
AQ-2,27.343312295723745,0.8741989784615443,3.8503475346495435,11.630748309866016,0.6381335933411568,21.334277886852163,82.91645371612185,3.9943482736489226,13.7209008799616
AQ-3,22.187992731337413,5.272136022308285,7.6473509355960365,8.779687801398778,0.4704888544078492,25.624774481105348,31.867996456605006,0.42040373973735967,13.62667845512517
AQ-3,39.11127093526366,1.267808562617651,3.4567071536742255,4.693522347116997,1.6837390740156593,26.523107556869185,36.45682594036687,6.084785913785593,14.652004720023259
AQ-1,19.086810015359095,3.2360600860610003,8.059299273835041,8.619909949484352,1.4192991048775228,22.730444313601662,88.47846717725285,1.120405659489868,19.16701861522035
AQ-2,34.481006902443276,0.5832199053611038,4.775076762342321,6.312638049737636,0.588742168443993,15.712692864779557,32.5097737115177,1.6042142275841025,17.359070477104027
AQ-2,9.002780750672796,2.8067711186554716,1.8106008649457483,8.895345878404937,0.3180520880183665,26.563032132229054,38.614305125439145,0.8268449246644956,5.490270643274431
AQ-1,24.74221754498474,2.3325049706790617,7.2711958805034875,4.762513751603717,1.9860094875729266,25.175251668375488,42.78766815630435,2.8952679597374047,10.738853122996705
AQ-2,29.811451821979475,1.94936341166358,6.755551122884791,5.236654695973542,0.7681304386720667,17.726884993281104,80.1481210369914,2.118299301507248,15.242302174153544
AQ-2,25.569621806940535,4.987663017293951,5.631695608539489,6.132945004110965,0.7638682772339122,25.191432147403027,24.078259508613783,6.353767789755234,7.613565351876595
AQ-1,43.85729464729496,3.0648698259879064,5.142993994479096,8.486697378019734,0.4433804394426087,31.629056487955637,69.59282689686489,2.7185241698257006,19.516085137978138
AQ-2,42.007344581763064,3.079034286155884,4.852549476274492,4.082528488431843,2.6506693442263183,18.997483922770606,23.735321468481548,0.5803971495359326,7.966606653877573
AQ-1,24.742296794502913,2.6571413546928584,4.503342493740772,4.852384660136344,1.2577733519510392,15.31497312571205,88.72039807005017,6.152654768736812,11.465572662924178
AQ-2,56.05468688905057,3.3432188501295403,5.614748657990131,7.386491655008488,1.0530381737721821,19.927947136138357,47.77399014215348,5.428227146323311,18.0606902376715
AQ-2,36.67433110697073,1.6094305513295153,3.3686697579677936,5.779678711058654,1.133078195388956,8.685663386695575,79.94425814394927,5.263483934465543,16.66423865459791
AQ-3,23.156460783998774,2.707113997688043,2.3813101740414027,5.207132397993102,0.9532183483882303,16.79331466459256,71.12962199896536,0.7849765279078111,10.155616518183013
AQ-3,35.190977701044844,3.4362357752301986,3.3570350359789622,4.367499584542788,0.5240546979838259,19.781733554653133,52.27554375975563,5.737960244433944,12.723741748861881
AQ-2,28.171770512532916,3.403317327148833,6.642193837099585,7.4427716224833835,0.07777116919573968,22.476546704449962,63.75204273002857,1.4460501871931841,23.64192643857448
AQ-1,26.83297230079233,2.5237026367595714,6.393782586376085,5.250744029768641,1.931696364938824,25.136394399410964,25.664602357178957,1.5313339519127016,15.647032316302576
AQ-1,29.76799541560174,3.958571216362624,3.613881598380535,6.251510071691898,0.9482264652371518,18.6618940668911,33.41699110660257,1.6295387407366855,20.145685145787372
AQ-3,32.0543532366806,2.405464255934762,4.597058179406167,6.810877584273678,0.5686226236322781,22.237929820124798,36.751299061689735,0.24404211659966712,12.766427671665198
AQ-2,31.428430398651525,2.2341876883500276,4.351160887801698,7.739254854233597,0.9795173475898038,15.754427746128187,69.47708267725972,4.878335523383051,13.683095339833606
AQ-1,25.23796577212007,2.2229768117568103,3.486853122268589,7.281815712412777,1.1244924130445255,24.131685599692194,64.31327136414853,3.950809845774147,6.96971190716016
AQ-3,19.026958483567498,3.088364146058921,1.9352531756431575,1.7208860177021401,1.0393208340908373,18.912373986061066,77.22616455172918,3.236543729705277,13.082558468064846
AQ-2,24.27527755262596,2.883026316952466,6.64380626363113,8.66257964155064,1.3945780792971838,29.805325596544197,54.626722135053875,5.563737499488613,12.103883464283559
AQ-3,27.08914224732761,2.4794269011147243,7.876739803573866,7.730085931330748,0.6186746199643859,17.472272755945536,69.00730539773244,5.862933668997127,22.188158099766213
AQ-1,17.922780447688655,2.1651064353943412,6.224072009373506,7.328742990943818,0.35705099666919876,12.205444220352009,45.3612457063433,5.574784215819474,7.691391154343623
AQ-2,30.000780772016444,1.3347975988313552,9.88953906646834,9.702360313171146,0.4209567352818104,19.506929193880776,85.7553401953248,7.34123434402446,15.460065399999863
AQ-2,21.017252799552764,1.3441476099755767,11.622104413201377,8.274143029465,1.4689596646508494,13.13331521542425,62.62565546826005,0.0740928621089818,19.510403392766023
AQ-1,28.87002941713911,0.6753814927978207,2.6122995751345175,6.255520488069191,0.47478598931146054,26.09064121658643,62.063273004919836,4.897165973701293,7.897687774623714
AQ-1,34.34987532204321,2.9798895267022383,4.4863802746419115,11.382171073403963,0.3928044505656533,9.859882682701532,53.419085173896335,5.360423360029726,19.157251943854156
AQ-1,15.151696144324115,3.0583993454184104,6.991969496213254,4.198522002960011,2.409949947991377,15.041501036990434,26.656688358423917,7.978503946588953,1.105983065195253
AQ-1,24.57765084757435,2.0837496202303245,4.213514815628405,4.879479463336192,0.6521681995853637,20.31264475073835,24.195748840233787,1.013022057769608,14.851940844617015
AQ-1,40.178534518646764,0.8061110013696802,8.431078441931765,5.314434178452822,0.29813370845073883,17.32501139023382,54.891423138216396,0.7454652932873413,20.29271788261866
AQ-2,29.784064956433856,3.328423481173858,6.922020164032746,5.122763144688858,2.5381638002010964,15.474707250455426,34.46867185465172,2.185164441431043,19.447187639390506
AQ-3,29.099145754342633,9.227126875983396,6.62397075475898,8.568403320257653,1.0017961010199026,18.341529067946954,54.1609615035957,1.3000580909068482,15.563148108665825
AQ-1,38.81518697588605,1.395368392849001,6.771052919863702,9.127039859947484,1.7155895110051698,13.236920728267076,67.1232162285649,3.2354423428899475,12.416651021119629
AQ-3,32.694109522663815,3.884348072872927,2.338205093120872,8.78586466443614,0.2666269966499894,23.325559319784038,66.87400565961593,3.6270286900546713,15.23714680324225
AQ-3,37.55946146833748,1.4423206908753052,3.7558160364127557,5.29019462268211,3.484402807652349,19.286405297388484,80.82417937406957,0.8071338474395109,14.999921019640288
AQ-3,21.148217233183754,3.8510967419475897,3.144972722390353,4.2120844654261544,1.7107684655056787,17.0444712782104,50.64210547513954,6.873156249424083,16.74753680637157
AQ-2,25.753254636915575,3.2347877081530094,3.1108927372678403,8.808982081844055,0.325489701397673,17.032663146889384,66.59406744821943,3.971070497595676,15.408459957924276
AQ-3,31.198026336383343,1.2926387294851653,0.641333770462909,3.1399171554653798,0.8162778314448146,14.507449080799415,72.67554050655565,1.210503706224297,11.692015268435767
AQ-3,20.976407273814544,2.918914130803735,7.683969989933033,7.124146354595279,0.43215554453974564,13.89709211368615,42.848500460047305,1.0399408700804296,5.035610236843796
AQ-1,33.64863113619401,2.3873308330559158,5.538182063893863,6.572287800421951,1.6499964075778193,10.379913250749983,36.62825048292736,6.619947687257984,4.695006797261371
AQ-2,36.10647329114246,1.8593486453141388,6.7227230768637485,5.87503146509542,1.38578785062944,27.094487489833462,26.326487768271193,0.6494531338835143,21.442084954734547
AQ-1,36.04856827330693,4.486935260556322,7.810431514396998,6.364343464646736,1.4564267725358362,24.36088865850346,46.93439415751098,2.2657995787438416,13.324617041221074
AQ-1,25.61467961800751,6.730663984336457,6.751920988181363,11.579804542924485,1.1613984333893073,19.784109131551414,29.30567829383262,5.971613929779895,19.20207230030649
AQ-3,25.418776717676597,1.4566530206627024,9.601165169925812,8.631331925148253,0.7335705809526126,21.251291637532876,26.432476726513332,5.090096840689668,14.016469975881702
AQ-1,22.78145286515171,3.7103879179193795,9.886558202475623,6.703796917198736,0.6565067394197468,29.112008703758633,23.60568227170569,7.604378183775383,8.714416073265529
AQ-1,29.52304822436436,6.816496583937569,9.430277854755406,6.134563826511216,1.2074410711168513,14.742914736121742,73.97204650104744,7.041075660691155,13.356133797098453
AQ-3,28.784246960135512,4.183087772743332,4.454600805192522,6.1077396043207495,2.7505657231331786,23.643210356757137,22.432143358154445,0.9014778712819123,16.25494442937856
AQ-2,28.904390974286216,3.3276319040896247,5.12801788494192,7.23572459063434,1.2953164316733385,23.631824010665824,82.77874788482158,6.176170456747232,10.207973132572487
AQ-2,29.433184102506374,1.6653044523644702,3.0391852065875247,11.686334999981462,0.2567883976051802,23.129487523004325,87.34130644626411,3.2500058596298285,12.099299139829583
AQ-3,33.279866526329016,3.6681798501356493,13.360065477762303,5.645997572399304,0.9651999391738663,13.416125130687332,42.27250416882778,2.975425164086433,15.602350907411719
AQ-3,34.71522086998738,3.2236818098907687,4.110187124560937,8.585407933620274,0.9815642489475739,31.679557370698237,20.986155843264747,0.12596908615812286,12.242267328618235
AQ-3,36.36194473449917,4.929621496265171,4.9674821229411155,5.238462710377184,0.8298774580348066,25.837814018099046,24.834952331734,2.680019416976852,14.378603291531215
AQ-1,25.849829048864667,3.2931603179982507,2.139312986104287,4.053600849059053,0.9182365911366563,24.480053256341503,80.03483483568824,2.6263726622112635,6.456107590495471
AQ-3,14.818482611449111,3.152493516606534,3.591536736663531,8.124348204355513,1.1993430382394141,23.457244573131298,28.110758861984028,1.7598570193029985,13.438517218536187
AQ-2,26.687239571653397,2.049855007432054,2.9686094681557704,3.679681241812469,0.5489133517875426,24.29303602398509,71.42754342821924,1.0980172377206197,16.911638440309343
AQ-1,26.158470745776853,1.5801803731882385,6.7663848942402876,11.367811280461977,0.77175720475294,26.783267986368582,40.65595171012599,0.5802396636896052,8.769020838943089
AQ-1,27.855110302432745,1.6119283915673235,4.293332948129345,8.641647756825519,1.438868669867686,20.35796177879786,34.957883580745104,1.7802265850336063,10.062041289525538
AQ-3,47.00075755934935,0.5952033038813523,3.9685659670127706,3.6762486408549884,2.623628216759821,13.865916823498658,47.18888409594068,5.243187628751276,15.91028761117569
AQ-3,27.232411281383158,6.756467795170097,7.491532210262642,4.724561488213243,0.4157936402403309,26.142244281814147,20.153728213538933,4.874472583067065,16.67139194587739
AQ-1,22.488304341678266,4.566044869120523,4.864841066404258,4.182019413340504,0.7898992606121714,10.592785244542073,49.99713421122421,1.1227952194604738,8.603682899874691
AQ-2,24.485505855009748,7.444493547069419,2.7380414108433633,11.050100047375063,0.15949779399752373,16.756669112145,43.02063201359864,3.019220592160777,13.119948007727668
AQ-3,19.630295189397362,0.5427036776130368,5.9001953143924695,8.32183779395252,0.4890028198035293,16.510906890026014,47.31685453752446,6.834493412866595,17.569955473828752
AQ-1,29.453604547452773,1.0727928403422862,3.8192924757638225,10.30857750674523,0.7719591870102839,17.053504570936052,33.39044433630275,5.404506382801989,11.404044439223178
AQ-1,23.765896763143637,2.594819861064867,5.9347014046646684,8.262329531153886,1.3477806301438868,10.362383690856745,58.47786457465066,7.389790235058403,8.29864274529725
AQ-2,38.79887298374082,1.914326532310841,8.03200314120829,6.602361956910386,0.45628731168064235,10.591309657296193,77.7462161998769,6.821550862710644,17.40841746666955
AQ-1,20.684162024834535,1.6147846612188892,4.445391113293091,3.900854716025112,0.21476517546098858,22.51520187794148,38.641848502667074,2.671100384460267,10.63422498543835
AQ-2,42.49002783223192,4.2520951327544605,6.739039576069392,5.777171913213056,0.986460727531368,23.7549963848055,28.530724856392432,7.5651823031144465,15.231030827785863
AQ-3,36.69628552315588,2.5790718962458654,4.030241670722722,4.9932824179164434,0.07413163085336578,18.524961477859232,48.5814999960417,7.259814781542559,18.9667568397065
AQ-2,39.26677255689878,2.487095707903614,2.1134636558143534,8.290897323584055,0.38264084344733934,14.615144005759971,39.29845865772397,2.504841800422028,16.722966971361096
AQ-3,31.099432525283028,1.0829630284097989,7.712903793207154,6.292578706515609,1.2344471642984287,11.502736677624972,42.04627279082769,5.957252204516878,23.2286764333003
AQ-2,43.863999270170005,2.165613577457914,3.948859724896215,13.088825519108505,0.6161473194586912,22.55416529362186,31.361263989356566,6.68789295557733,16.104615624120918
AQ-2,37.38164257818913,6.038226293047282,5.415701739374262,7.455168540852423,1.0557452877184268,26.077312127177482,68.95407408368905,5.5637898344879115,21.626037712048934
AQ-1,45.72555039946124,3.2487374175764594,1.2281374322005252,4.145626104017938,0.8908668470108418,9.566162422417824,24.135203008942128,6.432509529858317,17.384379882091473
AQ-1,35.00558842774096,6.986101283885244,3.3742715325017665,9.009690381844818,0.9341285201667251,17.764542676622273,70.95637615542898,0.12158323459177378,7.004731994116985
AQ-2,26.454116927241017,1.5008215840349584,2.3501167440462365,6.812432130262265,1.3074810720961558,19.638945348815962,73.43047508936942,0.6704106691629788,15.30139329091718
AQ-2,26.481466141855872,1.4705598695261664,3.831360853763186,5.614519511241853,0.9776835094945135,24.32209030659216,50.929269990342036,4.332065336193953,6.037791750248795
AQ-2,23.332426652321896,5.07033347205689,7.292153761668792,7.657979166424671,0.964103492280175,25.68916155415986,23.49821531740751,4.917949954888921,9.106792945170202
AQ-2,23.48402484432331,3.3565991421343337,4.1322548979986395,6.552170814225033,0.965160496954637,25.43147387662245,53.75163888807037,0.2057557188926511,10.328441606054067
AQ-1,21.389511468971726,6.393498073333507,2.318071287005806,10.171273707842929,1.5396181271796687,16.747425148485977,51.5940074876118,0.503612029525569,10.079457095319516
AQ-1,37.17717125260365,3.7790044659089803,4.996625875282301,3.3575582651702542,1.2682359631074247,21.48963289057552,55.00258209098554,1.8173607822458289,9.271422172874221
AQ-3,23.46576376623205,1.0921737022809528,5.8071157134674705,5.588397090152586,1.0229921909306037,18.95164445266541,40.455406410111735,3.8956768751642086,7.861146432611635
AQ-2,32.363804153378624,2.763510337013014,4.459752842618345,4.695471335316273,0.24078124299521259,24.49329234504181,44.24907275772282,3.018205335034267,11.81326701520658
AQ-1,23.83969267070435,3.79171801786256,3.673542426283827,3.72220240942727,0.533865291060765,25.465201362335815,33.15126490589985,7.1775700228899515,11.81832442189552
AQ-1,31.1758071732866,4.377332465588827,3.672285861380066,8.071235458150737,0.2522940117386265,12.917242072839649,42.10902312765302,7.2470295923541945,9.301927828612095
AQ-3,25.600789804123615,5.3564181277478955,3.0719767398987687,6.247107629538333,0.6693161475796389,16.49359401725386,65.13935630197817,0.5368320283952617,17.546011839586622
AQ-2,28.90412062004261,4.292948476616896,4.712670202339973,11.001687588594448,0.9673190094740214,22.837068542847966,83.7023354112087,2.969706418228,13.04544328155416
AQ-3,34.224312790087495,2.612219869144276,6.68463786477812,6.4264275026532065,0.5649451560859866,15.891032450496573,86.98513877567986,3.4403100541358898,7.508992148807979
AQ-2,36.22460092079422,4.532362000648384,2.501062045247662,5.213013778536343,0.9069725850661914,21.907187126444107,60.873060867286114,0.7208942696837521,16.312608008323362
AQ-2,28.891716987020413,1.1862460099946677,11.592084034683017,4.7878681552340145,0.3068004161053568,22.447748067249787,52.42366433737781,4.06938287887866,4.270253489782206
AQ-2,37.785243301227766,1.5205672180365086,5.095706704866724,6.990159312654791,1.5118903146820957,25.3133241146006,56.217856409315935,4.763135571234392,8.582317826945228
AQ-1,50.95948870890468,7.066336754705539,4.949924831896196,6.924615462545633,0.9141225427871255,19.700946860060796,31.798792868153164,0.721790860601697,25.878104450877913
AQ-3,24.42231692876711,4.303765508615287,4.303264008807834,5.595509415172358,1.36091943433135,13.24897096027524,43.32886066993328,5.2234663555276315,17.673279549247958
AQ-1,23.57372261282682,3.880514019201887,2.6377956318177658,3.9095309060508665,2.740207442324201,13.261242141414893,42.634051690992834,4.125678902435029,16.14079883690966
AQ-3,27.5975598363604,6.8237531735977,5.181646870269012,6.976319929485243,0.4526155534511603,16.793996656644026,79.5619595662098,7.119469546058914,7.093809460266611
AQ-1,30.736136665959265,3.0630135206957037,7.84579910853083,6.056051117822314,0.24633820471874177,21.872862247816975,39.44594326377943,0.07981857583772367,25.215080416191746
AQ-1,33.47166094278582,1.3906249342932775,9.634591369394597,5.279169099849078,0.40726376395230934,26.9279928423707,84.56709338371451,6.588180388954124,5.1663515444807455
AQ-1,30.60438584308224,4.329929494731497,5.1721431767281425,6.975077870990983,0.9511752621447466,12.119983910043366,36.23180629816967,0.9191495037673905,15.786930811375996
AQ-3,32.811007314633855,2.1359692919603503,5.748759562509832,6.9606027927138046,0.6532310124305306,25.96680701442034,26.21830190551649,0.03483509319257383,15.423229300288495
AQ-3,30.90947940987846,1.5663387068014283,1.2926632788860548,2.6126705867428077,2.9722860287247506,14.221302460345596,68.02041185245113,0.7207213656184033,12.613815081711607
AQ-2,33.593191625270265,3.1309532920679386,2.5636311940745715,3.1423075953935706,0.565241060116147,20.914549839531862,20.906785760939822,4.656010102152874,16.041463946932236
AQ-1,18.99470848767331,3.9465951044637784,2.397646901283301,5.6968648489093585,1.825266538430046,18.95561496081985,46.86430522734503,4.11109453397425,13.257184126327344
AQ-3,37.406469349392516,5.756007088804674,6.323914210694871,5.558731583983575,0.3662623392545743,24.10231569775268,23.13941346540141,4.573065434763605,2.5858428666961526
AQ-1,43.38250012448906,5.700688162139504,5.181658610227055,8.01130345455857,0.4309136158532729,19.685706990083432,20.530286349449604,5.371519903344309,13.47856058958348
AQ-2,16.05248130708405,4.746362559621701,12.629250920177062,4.582098118547526,0.41604832515248463,31.860192874865895,78.23671410466629,5.748019698523226,5.61185378970314
AQ-3,29.436244881145647,3.742503047131424,10.569693127226364,5.621276480341069,1.0482419706664456,6.847491136432502,65.71405062053309,7.685603612584656,17.200612165791814
AQ-1,20.600784053899954,1.9210658807808834,8.035397025792097,7.563331057800986,1.5229822913192381,20.013957883599637,34.82988314706906,5.017277016045197,14.914840187108155
AQ-1,23.81989160459974,2.5109985972273394,4.491589921026411,4.607955333221616,0.5702980475079041,20.52631237601333,64.20629769118975,7.303718305666874,13.969927273114166
AQ-3,41.6526585905157,0.9182208662315903,4.22855487236065,6.306743589193349,1.4686253847068933,20.42705574350113,81.3124416276744,0.9322483497249658,9.97746755713684
AQ-3,38.35131886063717,2.4388776812288544,5.036555372757801,6.1731495097231255,1.4735976117503335,13.390616143028796,39.282991415420945,6.654188170912111,19.464860019898644
AQ-2,17.390810766655026,3.894617129588662,4.637185892953898,7.9239707492156555,1.45884019544849,22.351467952284715,85.64585116859791,0.2758731331982469,10.80988636018042
AQ-2,31.04942748359427,1.2237624963042228,2.5000257457434145,3.0474539951138357,0.19948142109829503,22.47397940172787,42.94206331375109,0.8237102291238569,13.944007403849785
AQ-1,38.51369630847926,2.6201773917684203,3.9343433189663832,4.54588725096025,0.9741679143480991,20.37506625768615,30.95645544736402,3.104539989880429,12.041816661855055
AQ-3,27.999047590589367,1.520573403889219,3.944525930701967,4.435140512045268,1.8723833776650494,20.94983437195955,39.430997424488254,7.081527934882753,6.964698190453055
AQ-3,21.624046671736437,5.44692704033097,8.38205184191415,4.809261254501531,0.5579849312629512,10.825717621894476,65.61425103085618,5.225849363171497,6.859523583090432
AQ-2,31.030719324086306,2.436391149140113,5.184476989798625,5.7134001421215395,0.9698225901251164,11.907205188921079,55.82007909967994,2.438420203536894,12.795415089125719
AQ-1,23.33538053688586,6.432360748833351,6.86262287190364,7.4979177492375015,1.26623874029271,13.982181018266377,40.19593526252584,3.3942358219654585,8.979476900762172
AQ-2,21.31236537860305,2.5434013424081794,3.4119102413626097,4.714771617286268,0.21688523684905675,17.30435858490695,37.611027846528614,0.31524304225278854,18.33833507451567
AQ-2,16.59850336114639,2.3175174378026524,2.9316163958304546,7.789524565925643,0.7291247132810362,24.868309683480625,39.05893887984593,7.227806604211433,8.39815002005286
AQ-2,22.849290075883523,7.400373313585104,8.366879695350413,5.234059497858051,0.3414250843057703,25.096489058741657,61.37233056955573,2.2210523846861436,12.162637574892681
AQ-1,41.18604221927128,2.0910234166093646,17.95661024381968,3.1433794507379202,0.4909102874524218,19.304246863359225,22.459322399705588,3.8468904350909634,23.57277915537862
AQ-2,23.058236049394417,1.410834795049482,3.18529905459938,9.54357524152625,0.4181957492394668,21.05556837874182,68.38000555772341,5.6429803489592905,9.735661964838258
AQ-1,35.31218291438421,1.880990965938032,3.974776838567823,5.41144165378241,1.1487587619962432,24.42547268661071,88.23010389892652,4.750985728852241,15.154872844404238
AQ-1,31.94568417140578,2.567358391149688,7.912826363399586,6.403677025413477,1.7870466707120614,23.26185345108524,31.86344645783421,3.0223847384666085,15.163566873423118
AQ-2,14.681314207730702,3.7998546236799147,2.3507087308006347,10.794713091212074,0.298768194942115,16.1540605800834,48.488819606619984,6.435444900190617,12.219759379916532
AQ-3,28.962163507592592,2.3304328079422962,3.926042496918553,6.02153527792586,1.8107211178484537,21.194777435471604,40.91860865267203,2.201629130718877,15.901374600006708
AQ-2,18.220276834705505,2.340982717174956,10.968200792546078,4.100797882766698,0.38125183292081055,24.1041205832598,28.809265366725043,1.4240761403882,14.643776486084139
AQ-3,32.476270397601596,4.000936646282958,3.6421157860545574,6.075073171804096,0.3117362468515644,26.224991648528515,77.46945761965762,6.243894694848672,15.84281944149583
AQ-3,31.266304858338,1.7545656103052893,2.125818356633421,5.9243506013225335,0.5852492809179811,18.701678930350504,31.702180029228526,2.305477955752048,16.40182558317155
AQ-3,39.55422209734235,2.3019884785807276,7.202602068897751,6.45613916522444,0.8036303862637076,18.522219998449472,46.4971403172315,0.4326638393769615,19.640732894657084
AQ-3,26.280150973471645,0.32275607434881287,5.077200717973687,6.087362633850177,0.3574461464627545,25.774597695177704,51.99682767863876,6.659461781111656,20.676546418709755
AQ-1,27.95573476058033,3.3401079348462734,7.348744941923394,7.026518964344499,0.4514638498691946,19.107972864767753,61.62336788323863,0.7037504302134936,28.963451653179646
AQ-3,21.80293861587218,1.2948437503632162,7.779822609304506,5.588515214684636,1.9454992403076474,16.517288672926416,39.654513759663914,0.44825153791302785,10.055643115237173
AQ-1,26.551899484195676,2.453624320146603,2.5886655242599503,5.393239070331049,1.6938069123999715,23.70127153509884,57.319179025975544,6.5849320803279126,8.098391236941122
AQ-1,35.42870198554652,7.254092460714621,6.455223797722759,4.457983215021857,0.4897859574312417,21.196426278529483,75.17439906763164,0.8840070208835256,13.026651406659221
AQ-2,31.918959324957363,3.5462200430203623,4.481453235534536,3.7223025179753138,1.0957866647298933,17.570333892848915,84.06395580580997,7.065724992677491,10.554419158941894
AQ-1,32.778449762208204,3.6499555627614595,4.670642171991143,6.1576813240850345,0.34898529674655737,15.52615412687428,38.157985231523654,6.859013126721943,9.793104034808536
AQ-3,26.57903697051042,1.1443439092480718,1.7644275739166941,4.735456340776917,2.767385604967442,24.97676102553104,54.38167629312638,5.4770486658065956,12.70460838413479
AQ-2,35.249340089092286,1.644510622882963,4.040259979646733,6.539366532621435,1.6600409516726344,19.80946488093376,42.29627085186009,7.2206915791492525,6.9934237623597735
AQ-2,35.13531511018027,3.8256863603547897,6.025326745533681,7.422365452987556,0.724008868575628,21.515134795942853,33.876236670495636,6.507058936858881,14.175895962149491
AQ-1,26.009506102694974,1.5504102136529108,3.493733171141848,6.733684725602655,0.8710512876851855,20.93451938613216,71.9561486662906,6.981555404940001,11.417098200906764
AQ-2,26.08386322183969,3.9069453395179785,4.501439049738001,5.144268973532572,1.5385522772124727,23.684456682375206,44.33772733449405,0.7283587635748541,22.6028041852042
AQ-1,41.74428863071394,2.131486975126624,7.727444588293082,6.199479765998046,1.4028243848133624,15.455428134499012,43.5720261718843,5.378747294749927,16.72638600312322
AQ-3,30.589775992647695,3.713625338092938,12.183950033975483,6.168986192155825,1.4332016968554615,12.124865340976374,43.31140949754979,7.078050174129969,14.735842150630905
AQ-1,41.515548432452405,1.7840410236778057,3.026568349483903,5.357244635331803,0.7466891021329664,20.15728293663957,67.21857356628023,2.853941513894296,18.19678024607756
AQ-3,20.10354684987899,2.8652895723346075,1.4302928446956615,3.4443856256899252,0.17246165908775954,22.323559650931404,39.70437165106061,3.4484490876876848,15.205218992584694
AQ-2,47.126907935478705,3.421906612639635,7.089649954051717,6.03942244700806,1.0885703155514797,18.80534604083771,46.356772123075416,4.147146987308047,13.739488967006912
AQ-1,25.213504834867784,8.452721874848148,6.572118539267883,6.316404924127099,0.811434337120201,11.415926460036097,80.77647103073208,0.35077273425382227,8.240944734090931
AQ-1,26.26989055608166,6.365241256488076,5.610853144676617,4.707327593750194,1.0894116044474889,24.56732423969015,30.51997840786004,0.6489398856705879,25.689400214473935
